{
  "ndrugs": 25,
  "nreactions": 50,
  "nindications": 30,
  "nreports": 10000,
  "proportion_true": 0.1,
  "nexamples": 20,
  "data_dir": "./data",
  "output_path": "./data/jnnvCOHl",
  "dataset_0": {
    "IndPRR>10": 68,
    "ind_drug_prr_spearman": [
      0.8064417617392573,
      1.0484682165758405e-16
    ],
    "Tc_spearman": [
      0.2191406596985005,
      2.898798855348686e-14
    ],
    "PRR_spearman": [
      0.2459888431673635,
      1.1075620808504988e-17
    ],
    "Tc_AUROC": 0.7690239867659222,
    "Tc_AUPR": 0.3563824058147809,
    "PRR_AUROC": 0.7648194099807003,
    "PRR_AUPR": 0.3674832893844822
  },
  "dataset_1": {
    "IndPRR>10": 59,
    "ind_drug_prr_spearman": [
      0.841170110172711,
      7.515653923783564e-17
    ],
    "Tc_spearman": [
      0.23023858791498458,
      8.573963735287592e-16
    ],
    "PRR_spearman": [
      0.23246749028265884,
      4.444113738319543e-16
    ],
    "Tc_AUROC": 0.7246791744840525,
    "Tc_AUPR": 0.29141432485324015,
    "PRR_AUROC": 0.6963001876172606,
    "PRR_AUPR": 0.28482330907270254
  },
  "dataset_2": {
    "IndPRR>10": 50,
    "ind_drug_prr_spearman": [
      0.6676431041106416,
      1.1837998152560761e-07
    ],
    "Tc_spearman": [
      0.2454385661325186,
      7.697483089368226e-18
    ],
    "PRR_spearman": [
      0.2674591163887727,
      5.2515477331519705e-21
    ],
    "Tc_AUROC": 0.7442530901416943,
    "Tc_AUPR": 0.2934513986988053,
    "PRR_AUROC": 0.7420937594211636,
    "PRR_AUPR": 0.3046977016431448
  },
  "dataset_3": {
    "IndPRR>10": 63,
    "ind_drug_prr_spearman": [
      0.8038552076721575,
      2.169510975328183e-15
    ],
    "Tc_spearman": [
      0.21401464631252645,
      9.404367827564819e-14
    ],
    "PRR_spearman": [
      0.22363906750528975,
      6.567438981924634e-15
    ],
    "Tc_AUROC": 0.749236832513213,
    "Tc_AUPR": 0.31265285126318687,
    "PRR_AUROC": 0.7519439888220644,
    "PRR_AUPR": 0.3172537917647901
  },
  "dataset_4": {
    "IndPRR>10": 53,
    "ind_drug_prr_spearman": [
      0.8256662500503971,
      2.798636395041035e-14
    ],
    "Tc_spearman": [
      0.18807631710791084,
      6.64082343309438e-11
    ],
    "PRR_spearman": [
      0.2067897890576728,
      6.391386333270916e-13
    ],
    "Tc_AUROC": 0.7174175306314797,
    "Tc_AUPR": 0.2768677218112674,
    "PRR_AUROC": 0.7223298774740811,
    "PRR_AUPR": 0.27480662323215665
  },
  "dataset_5": {
    "IndPRR>10": 45,
    "ind_drug_prr_spearman": [
      0.8148904632983914,
      9.590171831225737e-12
    ],
    "Tc_spearman": [
      0.2631987838485361,
      3.267993377224223e-20
    ],
    "PRR_spearman": [
      0.28427497348158054,
      1.9037942068511528e-23
    ],
    "Tc_AUROC": 0.7580759281801582,
    "Tc_AUPR": 0.3277023559661436,
    "PRR_AUROC": 0.7446287279367011,
    "PRR_AUPR": 0.3210504518194697
  },
  "dataset_6": {
    "IndPRR>10": 51,
    "ind_drug_prr_spearman": [
      0.7722089002983502,
      3.232696239227444e-11
    ],
    "Tc_spearman": [
      0.2777184422970936,
      2.4368450002896116e-22
    ],
    "PRR_spearman": [
      0.2715796333202549,
      2.1344046937139004e-21
    ],
    "Tc_AUROC": 0.7634822746302823,
    "Tc_AUPR": 0.3715748633899186,
    "PRR_AUROC": 0.7480045781753561,
    "PRR_AUPR": 0.3682554694058596
  },
  "dataset_7": {
    "IndPRR>10": 66,
    "ind_drug_prr_spearman": [
      0.8417305986576166,
      8.654679293082007e-19
    ],
    "Tc_spearman": [
      0.2530193735807714,
      8.004275790170067e-19
    ],
    "PRR_spearman": [
      0.2588917463695834,
      1.1599192370083296e-19
    ],
    "Tc_AUROC": 0.7602067669172933,
    "Tc_AUPR": 0.3168295697866129,
    "PRR_AUROC": 0.7505488721804512,
    "PRR_AUPR": 0.32901320476808316
  },
  "dataset_8": {
    "IndPRR>10": 59,
    "ind_drug_prr_spearman": [
      0.7919741732336671,
      8.04284914816465e-14
    ],
    "Tc_spearman": [
      0.2124733064597442,
      1.759161242281085e-13
    ],
    "PRR_spearman": [
      0.22131480579416823,
      1.5895770516430087e-14
    ],
    "Tc_AUROC": 0.7526311787072244,
    "Tc_AUPR": 0.3133404493335914,
    "PRR_AUROC": 0.7575513307984791,
    "PRR_AUPR": 0.31791466882236313
  },
  "dataset_9": {
    "IndPRR>10": 48,
    "ind_drug_prr_spearman": [
      0.7312598382456713,
      3.5772789841857e-09
    ],
    "Tc_spearman": [
      0.25979893597781584,
      1.5086388615824555e-19
    ],
    "PRR_spearman": [
      0.26342982545904664,
      4.5095117021129654e-20
    ],
    "Tc_AUROC": 0.7749516066589237,
    "Tc_AUPR": 0.36020577149929295,
    "PRR_AUROC": 0.7509485094850948,
    "PRR_AUPR": 0.35843308155704956
  },
  "dataset_10": {
    "IndPRR>10": 54,
    "ind_drug_prr_spearman": [
      0.8478691780193542,
      6.046843904951829e-16
    ],
    "Tc_spearman": [
      0.2513106275518174,
      1.3460308503700045e-18
    ],
    "PRR_spearman": [
      0.26439508019216806,
      1.7488349565531434e-20
    ],
    "Tc_AUROC": 0.7785067166510464,
    "Tc_AUPR": 0.3073946569102647,
    "PRR_AUROC": 0.7926905463993722,
    "PRR_AUPR": 0.31091633938787966
  },
  "dataset_11": {
    "IndPRR>10": 53,
    "ind_drug_prr_spearman": [
      0.6883920651560357,
      1.2220705857674473e-08
    ],
    "Tc_spearman": [
      0.24181494700350586,
      2.871176185186741e-17
    ],
    "PRR_spearman": [
      0.2682567401536549,
      4.991682547964568e-21
    ],
    "Tc_AUROC": 0.7582615813727868,
    "Tc_AUPR": 0.35610952650560523,
    "PRR_AUROC": 0.743815183119088,
    "PRR_AUPR": 0.3494170236953573
  },
  "dataset_12": {
    "IndPRR>10": 65,
    "ind_drug_prr_spearman": [
      0.7149913127523575,
      2.22510489114133e-11
    ],
    "Tc_spearman": [
      0.2510412659114257,
      1.7891687545361115e-18
    ],
    "PRR_spearman": [
      0.2603501060901256,
      8.508633652874147e-20
    ],
    "Tc_AUROC": 0.7453862134088762,
    "Tc_AUPR": 0.3043818720372727,
    "PRR_AUROC": 0.7284608120868744,
    "PRR_AUPR": 0.30608823725232176
  },
  "dataset_13": {
    "IndPRR>10": 57,
    "ind_drug_prr_spearman": [
      0.8604440127675692,
      9.715568128840234e-18
    ],
    "Tc_spearman": [
      0.24128263805334085,
      4.314699661983105e-17
    ],
    "PRR_spearman": [
      0.24528881615006248,
      1.2531165554119036e-17
    ],
    "Tc_AUROC": 0.7551284122112745,
    "Tc_AUPR": 0.2969696692270001,
    "PRR_AUROC": 0.7542592549861167,
    "PRR_AUPR": 0.3228715415080886
  },
  "dataset_14": {
    "IndPRR>10": 39,
    "ind_drug_prr_spearman": [
      0.8194331983805668,
      1.7894318166866357e-10
    ],
    "Tc_spearman": [
      0.22321742159265828,
      7.998466964607923e-15
    ],
    "PRR_spearman": [
      0.23293487895161216,
      4.851728975722977e-16
    ],
    "Tc_AUROC": 0.7643580303727566,
    "Tc_AUPR": 0.32674404027175297,
    "PRR_AUROC": 0.7488495167970548,
    "PRR_AUPR": 0.3219483635846149
  },
  "dataset_15": {
    "IndPRR>10": 53,
    "ind_drug_prr_spearman": [
      0.8213356987578048,
      4.949302200655907e-14
    ],
    "Tc_spearman": [
      0.2553792485578663,
      5.393283828680516e-19
    ],
    "PRR_spearman": [
      0.2726556261405346,
      1.5839221722798131e-21
    ],
    "Tc_AUROC": 0.765524576115566,
    "Tc_AUPR": 0.3159235565519255,
    "PRR_AUROC": 0.7720817775601395,
    "PRR_AUPR": 0.3274723335496052
  },
  "dataset_16": {
    "IndPRR>10": 59,
    "ind_drug_prr_spearman": [
      0.759698985167745,
      3.0390948066537686e-12
    ],
    "Tc_spearman": [
      0.27553612170707786,
      4.705917139536624e-22
    ],
    "PRR_spearman": [
      0.28452437824708293,
      1.8119366786665246e-23
    ],
    "Tc_AUROC": 0.7563969754253308,
    "Tc_AUPR": 0.3366237083647966,
    "PRR_AUROC": 0.7417807183364838,
    "PRR_AUPR": 0.3173040027055193
  },
  "dataset_17": {
    "IndPRR>10": 53,
    "ind_drug_prr_spearman": [
      0.715103620675752,
      1.790857707629062e-09
    ],
    "Tc_spearman": [
      0.26644269171637036,
      1.1672919846223273e-20
    ],